{
  "hash": "559b3f25",
  "configHash": "26ffcd62",
  "lockfileHash": "606972d3",
  "browserHash": "1fac8423",
  "optimized": {
    "@angular/core": {
      "src": "../../../../../../node_modules/@angular/core/fesm2022/core.mjs",
      "file": "@angular_core.js",
      "fileHash": "cde9ebf8",
      "needsInterop": false
    },
    "@angular/platform-browser": {
      "src": "../../../../../../node_modules/@angular/platform-browser/fesm2022/platform-browser.mjs",
      "file": "@angular_platform-browser.js",
      "fileHash": "a650f9ad",
      "needsInterop": false
    },
    "@angular/router": {
      "src": "../../../../../../node_modules/@angular/router/fesm2022/router.mjs",
      "file": "@angular_router.js",
      "fileHash": "abe535eb",
      "needsInterop": false
    }
  },
  "chunks": {
    "chunk-GCIA6ZVU": {
      "file": "chunk-GCIA6ZVU.js"
    },
    "chunk-3YF5HGJG": {
      "file": "chunk-3YF5HGJG.js"
    }
  }
}